{"loss": [0.04032694920897484, 0.02327003888785839, 0.01266313623636961, 0.006578753236681223, 0.0033834849018603563, 0.0018184420187026262, 0.0012215229216963053, 0.000942129350733012, 0.0008488910389132798, 0.0008208754006773233, 0.0007841730257496238, 0.0007677889079786837, 0.0007551267626695335, 0.0007046065293252468, 0.0007321710581891239, 0.000712136272341013, 0.000690931105054915, 0.0006884325994178653, 0.0006744770216755569, 0.000670156383421272, 0.0006686292472295463, 0.0006826167227700353, 0.000637564982753247, 0.0006788081373088062, 0.0006370168994180858, 0.0006503225886262953, 0.0006368731847032905, 0.0006331098848022521, 0.0006255959160625935, 0.0006215200410224497, 0.0006252237944863737, 0.000600527913775295, 0.0006058049038983881, 0.0006206183461472392, 0.0005838247598148882, 0.0005888024461455643, 0.0006066452478989959, 0.0005728283431380987, 0.0005956897512078285, 0.0005836163181811571, 0.0005822087987326086], "mae": [0.1884797364473343, 0.14294105768203735, 0.1033814549446106, 0.0719713568687439, 0.04910619184374809, 0.03427085652947426, 0.026982251554727554, 0.023298704996705055, 0.022064944729208946, 0.021599499508738518, 0.021135957911610603, 0.021117176860570908, 0.02093959040939808, 0.02029111236333847, 0.02069292962551117, 0.02039877511560917, 0.02012230083346367, 0.02013782411813736, 0.019796980544924736, 0.019882669672369957, 0.01982351392507553, 0.02007112093269825, 0.019399242475628853, 0.019961334764957428, 0.019355688244104385, 0.019604617729783058, 0.019371524453163147, 0.019237887114286423, 0.0192627664655447, 0.019179075956344604, 0.019174370914697647, 0.018766026943922043, 0.018921399489045143, 0.01901276968419552, 0.018524864688515663, 0.018635762855410576, 0.019065162166953087, 0.01844276860356331, 0.01887158676981926, 0.018554812297225, 0.018571024760603905]}