{"loss": [0.005420503206551075, 0.005248555913567543, 0.0045191626995801926, 0.004031600896269083, 0.00412549264729023, 0.004717982839792967, 0.005303096957504749], "mae": [0.05695216357707977, 0.05558284372091293, 0.05092446133494377, 0.04773471876978874, 0.04857746884226799, 0.051888640969991684, 0.05496176704764366]}